artist,album,title,date_time
Death Grips,The Powers That B,Have a Sad Cum BB,
Death Grips,The Powers That B,I Break Mirrors With My Face in the United States,10/10/23 5:41
Death Grips,The Powers That B,Pss Pss,10/10/23 5:36
Death Grips,The Powers That B,Why a Bitch Gotta Lie,10/10/23 5:32
Death Grips,The Money Store,The Fever (Aye Aye),10/10/23 5:28
Peter Gabriel,Up,The Drop,10/9/23 18:38
Talking Heads,Stop Making Sense (Live),Genius Of Love (Tom Tom Club) - Live,10/9/23 18:38
Peter Gabriel,Up,The Drop,10/9/23 18:35
Peter Gabriel,Up,The Drop,10/9/23 18:32
Pony,Haunted House (Remix),Haunted House (Remix),10/8/23 23:47
Radiohead,In Rainbows,Weird Fishes/ Arpeggi,10/8/23 5:33
New Found Glory,Sticks and Stones,Head on Collision,10/8/23 5:15
Pearl Jam,Backspacer,The Fixer,10/8/23 5:11
My Chemical Romance,Under Pressure,Under Pressure,10/8/23 5:08
Bruce Springsteen,In Concert/MTV Plugged (Live),Atlantic City - Live at Warner Hollywood Studios Los Angeles CA - September 1992,10/8/23 5:05
Vitamin String Quartet,Beaucoup de VSQ,Digital Love,10/8/23 4:59
Frank Ocean,Moon River,Moon River,10/8/23 4:56
Foo Fighters,Greatest Hits,Everlong - acoustic version,10/8/23 4:53
Beyoncé,Lemonade,All Night,10/8/23 4:25
Talking Heads,Stop Making Sense (Live),This Must Be the Place (Naive Melody),10/8/23 4:20
Robert Palmer,Clues (Expanded Edition),Woke Up Laughing,10/8/23 4:16
Strange Ranger,She's On Fire,She's On Fire,10/8/23 4:11
Phoenix,Wolfgang Amadeus Phoenix,1901,10/8/23 4:08
The Shins,Wincing the Night Away,Phantom Limb,10/8/23 4:03
M83,Hurry Up We're Dreaming,Klaus I Love You,10/8/23 4:02
The Thermals,The Body The Blood The Machine,Test Pattern,10/8/23 3:39
feeble little horse,Girl With Fish,Freak,10/8/23 3:37
David Gray,White Ladder,Babylon,10/8/23 3:36
Jeff Buckley,Grace (Legacy Edition),I Want Someone Badly,10/8/23 3:32
Calexico,In the Reins,burn that broken bed,10/8/23 3:29
Gorillaz,Plastic Beach,Stylo (Feat. Mos Def And Bobby Womack),10/8/23 3:24
The Cure,Greatest Hits,Close to Me,10/8/23 3:19
Carly Rae Jepsen,Kiss (Deluxe),Call Me Maybe,10/8/23 3:14
Jeff Buckley,Grace (Legacy Edition),I Want Someone Badly,10/8/23 3:10
Queen,A Day At The Races (Deluxe Remastered Version),Somebody To Love - Remastered 2011,10/8/23 3:08
Blue Scholars,Bayani Redux,North By Northwest,10/8/23 3:03
Birdy Nam Nam,Birdy Nam Nam,Abbesses,10/8/23 2:58
My Chemical Romance,Three Cheers for Sweet Revenge,Helena,10/8/23 2:52
Pom Pom Squad,Death Of A Cheerleader,Drunk Voicemail,10/8/23 2:48
Glitterer,Looking Through The Shades,Perfect,10/8/23 2:44
Bleary Eyed,Wreck,Wreck,10/8/23 2:42
Death Cab for Cutie,Transatlanticism (10th Anniversary Edition),Title and Registration,10/8/23 2:39
The Clash,London Calling (Remastered),Train in Vain (Stand by Me) - Remastered,10/8/23 2:35
100 gecs,10000 gecs,Hollywood Baby,10/8/23 2:30
RJD2,Since We Last Spoke: Deluxe,Since We Last Spoke,10/8/23 2:27
Eyedea & Abilities,First Born,Birth of a Fish,10/8/23 2:23
Sufjan Stevens,Call Me By Your Name (Original Motion Picture Soundtrack),Visions of Gideon,10/8/23 2:20
Ramin Djawadi,Westworld: Season 2 (Music from the HBO Series),Heart-Shaped Box (Orchestral),10/8/23 2:16
Beck,Everybody's Gotta Learn Sometime,Everybody's Gotta Learn Sometime,10/8/23 2:13
The Smashing Pumpkins,(Rotten Apples) The Smashing Pumpkins Greatest Hits,Perfect,10/8/23 2:07
Father John Misty,I Love You Honeybear,The Night Josh Tillman Came To Our Apt.,10/8/23 2:04
Father John Misty,I Love You Honeybear,The Night Josh Tillman Came To Our Apt.,10/8/23 1:51
Punch Brothers,Who's Feeling Young Now?,Hundred Dollars,10/8/23 1:47
EVE 6,Eve 6,Inside Out,10/8/23 1:43
Radiohead,In Rainbows,Weird Fishes/ Arpeggi,10/8/23 1:39
New Found Glory,Sticks and Stones,Head on Collision,10/8/23 1:34
Pearl Jam,Backspacer,The Fixer,10/8/23 1:30
Elliott Smith,Either/Or,Say Yes,10/7/23 21:46
Blue Scholars,Bayani Redux,North By Northwest,10/7/23 21:44
My Chemical Romance,Three Cheers for Sweet Revenge,Helena,10/7/23 21:40
Birdy Nam Nam,Birdy Nam Nam,Abbesses,10/7/23 21:35
Bruce Springsteen,In Concert/MTV Plugged (Live),Atlantic City - Live at Warner Hollywood Studios Los Angeles CA - September 1992,10/7/23 21:35
Foo Fighters,Greatest Hits,Everlong - acoustic version,10/7/23 21:27
Beyoncé,Lemonade,All Night,10/7/23 21:25
New Found Glory,Sticks and Stones,Head on Collision,10/7/23 21:22
M83,Hurry Up We're Dreaming,Klaus I Love You,10/7/23 21:20
feeble little horse,Girl With Fish,Freak,10/7/23 21:19
Father John Misty,I Love You Honeybear,The Night Josh Tillman Came To Our Apt.,10/7/23 21:07
The Shins,Wincing the Night Away,Phantom Limb,10/7/23 20:50
Beck,Everybody's Gotta Learn Sometime,Everybody's Gotta Learn Sometime,10/7/23 20:45
Calexico,In the Reins,burn that broken bed,10/7/23 20:39
Foo Fighters,Greatest Hits,Everlong - acoustic version,10/7/23 20:35
Pixies,Surfer Rosa,Cactus - Remastered,10/7/23 20:33
Dua Lipa,Future Nostalgia,Don't Start Now,10/7/23 20:30
Jon Brion,Eternal Sunshine of the Spotless Mind,Theme - From Eternal Sunshine of the Spotless Mind/Score,10/7/23 20:27
Porter Robinson,Nurture,Musician,10/7/23 20:24
Pom Pom Squad,Death Of A Cheerleader,Drunk Voicemail,10/7/23 20:20
Death Cab for Cutie,Transatlanticism (10th Anniversary Edition),Title and Registration,10/7/23 20:15
Panic! at the Disco,A Fever You Can't Sweat Out,I Write Sins Not Tragedies,10/7/23 20:05
Panic! at the Disco,A Fever You Can't Sweat Out,I Write Sins Not Tragedies,10/7/23 20:02
Grace Ives,Janky Star,Burn Bridges,10/7/23 6:09
Pony,Velveteen,Sucker Punch,10/7/23 6:09
Dim Wizard,X-Games Mode,X-Games Mode,10/7/23 6:05
Suicide,Suicide (2019 - Remaster),Frankie Teardrop - 2019 - Remaster,10/7/23 6:02
Swearin',Swearin',Movie Star,10/7/23 5:52
Weatherday,Come In,Agatka (Agatha! You're Being Melodramatic!),10/7/23 5:48
Spice,Spice,FIRST FEELING,10/7/23 5:44
Magnitude,Of Days Renewed,Of Days Renewed,10/7/23 5:41
Björk,Homogenic,Joga,10/7/23 5:38
Bleed the Pigs,Overcompensations for Misery,Supremacy,10/7/23 5:33
Alex G,RACE,Gnaw,10/7/23 5:31
ANORAK!,ANORAK! / DIMWORK,basement,10/7/23 5:28
Gouge Away,Idealized,Idealized,10/7/23 5:26
Equipment,Miracle,Monkey Ball Gatekeeper (Cinnamon),10/7/23 5:22
Slowdive,everything is alive,the slab,10/7/23 5:19
They Are Gutting a Body of Water,destiny XL,Texas Instruments,10/7/23 5:14
My Chemical Romance,Three Cheers for Sweet Revenge,The Ghost of You,10/7/23 5:12
Turnstile,GLOW ON,BLACKOUT,10/7/23 4:43
Turnstile,GLOW ON,MYSTERY,10/7/23 4:43
Strange Ranger,Pure Music,She's On Fire,10/7/23 4:40
Turnstile,GLOW ON,UNDERWATER BOI,10/7/23 4:35
Deftones,Around the Fur,My Own Summer (Shove It),10/7/23 4:32
Militarie Gun,Life Under The Gun,Do It Faster,10/7/23 4:28
Strange Ranger,Pure Music,She's On Fire,10/7/23 4:27
Bar Italia,Tracey Denim,punkt,10/7/23 4:22
Hole,Celebrity Skin,Celebrity Skin,10/7/23 4:20
Turnstile,Time & Space,Real Thing,10/7/23 4:17
Sufjan Stevens,So You Are Tired,So You Are Tired,10/7/23 4:10
12 Rods,If We Stayed Alive,My Year (This Is Going To Be),10/7/23 4:05
Taking Back Sunday,Tell All Your Friends (Remastered),Great Romances Of The 20th Century - Remastered,10/7/23 4:05
Stand Still,A Practice in Patience,Id,10/7/23 4:00
Casey,Great Grief / Atone,Atone,10/7/23 3:58
Koyo,Message Like a Bomb,You're On The List (minus one),10/7/23 3:54
Mil-Spec,The Days Don't End,The Days Don't End,10/7/23 3:51
Bibio,Silver Wilkinson,À tout à l'heure,10/7/23 3:47
Earth Crisis,Forever True (1991-2001),Firestorm,10/7/23 3:43
PVRIS,EVERGREEN,ANIMAL,10/5/23 1:30
PVRIS,EVERGREEN,ANIMAL,10/5/23 1:29
My Chemical Romance,Three Cheers for Sweet Revenge,Helena,10/4/23 21:36
Death Cab for Cutie,Transatlanticism (10th Anniversary Edition),The New Year,10/4/23 21:32
Peter Gabriel,So (25th Anniversary Deluxe Edition),Sledgehammer - 2012 Remaster,10/4/23 20:44
Daryl Hall & John Oates,Voices,You Make My Dreams (Come True),10/4/23 20:36
Earth Wind & Fire,The Best of Earth Wind & Fire Vol. 1,September,10/4/23 20:19
My Chemical Romance,In Love and Death,Under Pressure,10/4/23 20:15
Talking Heads,Stop Making Sense (Live),This Must Be the Place (Naive Melody),10/4/23 20:02
The Beatles,Let It Be (Remastered),I've Got A Feeling - Remastered 2009,10/4/23 19:44
The Smashing Pumpkins,Adore (Super Deluxe),Perfect,10/4/23 18:56
The Clash,London Calling (Remastered),Train in Vain (Stand by Me) - Remastered,10/4/23 18:53
Death Cab for Cutie,Transatlanticism (10th Anniversary Edition),A Lack of Color,10/4/23 18:45
Robert Palmer,Clues (Expanded Edition),Woke Up Laughing,10/4/23 18:40
Chance the Rapper,Coloring Book,Same Drugs,10/4/23 18:36
Horseshoes & Hand Grenades,The Ode,The Ode,10/4/23 18:32
Girl Talk,Feed the Animals,Hands in the Air,10/4/23 18:28
The Raconteurs,Consolers of the Lonely,Consoler of the Lonely,10/4/23 18:24
The Thermals,The Body The Blood The Machine,Test Pattern,10/4/23 18:21
Bob Seger,Night Moves,Night Moves,10/4/23 18:15
Punch Brothers,Who's Feeling Young Now?,Hundred Dollars,10/4/23 18:10
Panic! at the Disco,Pray for the Wicked,(Fuck A) Silver Lining,10/4/23 18:08
The Dandy Warhols,Igby Goes Down,Boys Better,10/4/23 16:43
The Beta Band,Igby Goes Down,Brokenupadingdong,10/4/23 16:39
Driftland,Igby Goes Down,Youth Is Wasted On The Young,10/4/23 16:35
The Dandy Warhols,Igby Goes Down,Bohemian Like You,10/4/23 16:31
Badly Drawn Boy,Igby Goes Down,Everybody's Stalking,10/4/23 16:28
Coldplay,Igby Goes Down,Don't Panic,10/4/23 16:25
Travis,Igby Goes Down,The Weight,10/4/23 16:20
The Dandy Warhols,Igby Goes Down,Boys Better,10/4/23 16:15
The Beta Band,Igby Goes Down,Brokenupadingdong,10/4/23 16:11
Driftland,Igby Goes Down,Youth Is Wasted On The Young,10/4/23 16:07
The Dandy Warhols,Igby Goes Down,Bohemian Like You,10/4/23 16:03
Radiohead,In Rainbows,Weird Fishes/ Arpeggi,10/4/23 16:00
Badly Drawn Boy,Igby Goes Down,Everybody's Stalking,10/4/23 16:00
Coldplay,Igby Goes Down,Don't Panic,10/4/23 15:57
Travis,Igby Goes Down,The Weight,10/4/23 15:52
Pearl Jam,Backspacer,The Fixer,10/4/23 15:51
Radiohead,In Rainbows,Weird Fishes/ Arpeggi,10/4/23 15:45
PVRIS,EVERGREEN,ANIMAL,10/4/23 15:42
PVRIS,EVERGREEN,ANIMAL,10/4/23 1:54
Dua Lipa,Future Nostalgia,Don't Start Now,10/4/23 1:51
Father John Misty,I Love You Honeybear,The Night Josh Tillman Came To Our Apt.,10/4/23 1:47
Counting Crows,Recovering The Satellites,Have You Seen Me Lately?,10/4/23 1:38
Birdy Nam Nam,Birdy Nam Nam,Abbesses,10/4/23 1:32
Avril Lavigne,Let Go,Things I'll Never Say,10/4/23 1:28
Glitterer,Looking Through The Shades,Perfect,10/4/23 1:24
Ramin Djawadi,Westworld: Season 2 (Music from the HBO Series),Heart-Shaped Box (Orchestral),10/4/23 1:21
M83,Hurry Up We're Dreaming,Klaus I Love You,10/4/23 1:19
Frank Ocean,Moon River,Moon River,10/4/23 1:16
100 gecs,10000 gecs,Hollywood Baby,10/4/23 1:16
Beyoncé,Lemonade,All Night,10/3/23 19:17
The Shins,Wincing the Night Away,Phantom Limb,10/3/23 19:07
Robert Palmer,Clues (Expanded Edition),Woke Up Laughing,10/3/23 19:04
Los Lobos,Kiko,When The Circus Comes,10/3/23 19:01
Sufjan Stevens,Call Me By Your Name (Original Motion Picture Soundtrack),Visions of Gideon,10/3/23 18:56
Beck,Everybody's Gotta Learn Sometime,Everybody's Gotta Learn Sometime,10/3/23 18:30
Calexico,In the Reins,burn that broken bed,10/3/23 18:24
Foo Fighters,Greatest Hits,Everlong - acoustic version,10/3/23 2:17
Bob Dylan,Bringing It All Back Home,She Belongs to Me,10/3/23 2:14
Pixies,Surfer Rosa,Cactus - Remastered,10/3/23 2:12
Punch Brothers,Who's Feeling Young Now?,Hundred Dollars,10/3/23 2:07
Punch Brothers,Who's Feeling Young Now?,Hundred Dollars,10/3/23 2:02
Elliott Smith,Either/Or,Say Yes,10/3/23 1:59
Gorillaz,Plastic Beach,Stylo (Feat. Mos Def And Bobby Womack),10/3/23 1:55
New Found Glory,Sticks and Stones,Head on Collision,10/3/23 1:51
New Found Glory,Sticks and Stones,Head on Collision,10/3/23 1:47
EVE 6,Eve 6,Inside Out,10/3/23 1:43
Blue Scholars,Bayani Redux,North By Northwest,10/3/23 1:39
Strange Ranger,She's On Fire,She's On Fire,10/3/23 1:34
Eyedea & Abilities,First Born,Birth of a Fish,10/3/23 1:32
feeble little horse,Girl With Fish,Freak,10/3/23 1:30
Bruce Springsteen,In Concert/MTV Plugged (Live),Atlantic City - Live at Warner Hollywood Studios Los Angeles CA - September 1992,10/3/23 1:25
Jon Brion,Eternal Sunshine of the Spotless Mind,Theme - From Eternal Sunshine of the Spotless Mind/Score,10/3/23 1:22
The Cure,Greatest Hits,Close to Me,10/3/23 1:19
Phoenix,Wolfgang Amadeus Phoenix,1901,10/3/23 1:15
Talking Heads,Stop Making Sense (Live),This Must Be the Place (Naive Melody),10/3/23 1:10
My Chemical Romance,Three Cheers for Sweet Revenge,Helena,10/3/23 1:07
Clint Mansell,Requiem for a Dream / OST,Ghosts of a Future Lost,10/3/23 1:05
My Chemical Romance,Under Pressure,Under Pressure,10/3/23 1:02
Jeff Buckley,Grace (Legacy Edition),I Want Someone Badly,10/3/23 0:59
Carly Rae Jepsen,Kiss (Deluxe),Call Me Maybe,10/3/23 0:56
The Smashing Pumpkins,(Rotten Apples) The Smashing Pumpkins Greatest Hits,Perfect,10/3/23 0:52
Matchbox Twenty,Mad Season,Mad Season,10/3/23 0:47
Death Cab for Cutie,Transatlanticism (10th Anniversary Edition),The New Year (Demo),10/3/23 0:44
Death Grips,The Powers That B,Have a Sad Cum BB,
Porter Robinson,Nurture,Musician,10/3/23 0:40
My Chemical Romance,Three Cheers for Sweet Revenge,I Never Told You What I Do for a Living,10/3/23 0:36
Vitamin String Quartet,Beaucoup de VSQ,Digital Love,10/3/23 0:32
The Thermals,The Body The Blood The Machine,Test Pattern,10/3/23 0:29
The Clash,London Calling (Remastered),Train in Vain (Stand by Me) - Remastered,10/3/23 0:24
Queen,A Day At The Races (Deluxe Remastered Version),Somebody To Love - Remastered 2011,10/2/23 0:26
The Clash,London Calling (Remastered),Train in Vain (Stand by Me) - Remastered,10/2/23 0:23
Death Cab for Cutie,Transatlanticism (10th Anniversary Edition),Title and Registration,10/2/23 0:09
Pom Pom Squad,Death Of A Cheerleader,Drunk Voicemail,10/2/23 0:06
Bleary Eyed,Wreck,Wreck,10/2/23 0:02
RJD2,Since We Last Spoke: Deluxe,Since We Last Spoke,10/1/23 23:58
Pearl Jam,Backspacer,The Fixer,10/1/23 23:54
Pom Pom Squad,Death Of A Cheerleader,Crimson + Clover,10/1/23 23:33
Pom Pom Squad,Death Of A Cheerleader,Lux,10/1/23 23:31
Pom Pom Squad,Death Of A Cheerleader,Cake,10/1/23 23:29
Pom Pom Squad,Death Of A Cheerleader,Second That,10/1/23 15:28
Pom Pom Squad,Death Of A Cheerleader,Crying,10/1/23 15:25
Pom Pom Squad,Death Of A Cheerleader,Head Cheerleader,10/1/23 15:19
Pom Pom Squad,Death Of A Cheerleader,Soundcheck,10/1/23 3:58
Pom Pom Squad,Death Of A Cheerleader,Be Good,10/1/23 3:55
Pom Pom Squad,Death Of A Cheerleader,This Couldn't Happen,10/1/23 3:54
Pom Pom Squad,Death Of A Cheerleader,Drunk Voicemail,10/1/23 3:50
Pom Pom Squad,Death Of A Cheerleader,Shame Reactions,10/1/23 3:49
Pom Pom Squad,Death Of A Cheerleader,Forever,10/1/23 3:46
Pom Pom Squad,Death Of A Cheerleader,Red with Love,10/1/23 3:43
Pom Pom Squad,Death Of A Cheerleader,Crimson + Clover,10/1/23 3:41
Pom Pom Squad,Death Of A Cheerleader,Lux,10/1/23 3:39
Pom Pom Squad,Death Of A Cheerleader,Cake,10/1/23 3:38
Pom Pom Squad,Death Of A Cheerleader,Second That,10/1/23 3:35
Pom Pom Squad,Death Of A Cheerleader,Crying,10/1/23 3:32
Pom Pom Squad,Death Of A Cheerleader,Head Cheerleader,10/1/23 3:29
Pom Pom Squad,Death Of A Cheerleader,Soundcheck,10/1/23 3:28
Hole,Celebrity Skin,Celebrity Skin,10/1/23 3:25
Hole,Celebrity Skin,Celebrity Skin,10/1/23 3:22
Hole,Celebrity Skin,Celebrity Skin,10/1/23 3:19
Hole,Celebrity Skin,Celebrity Skin,10/1/23 3:17
Hole,Celebrity Skin,Celebrity Skin,10/1/23 3:12
Talking Heads,Stop Making Sense (Deluxe Edition) [Live],Cities (Live) - 2023 Remaster,10/1/23 3:12
Daft Punk,Discovery,Digital Love,9/30/23 21:20
Daft Punk,Discovery,Digital Love,9/30/23 21:20
Daft Punk,Discovery,Digital Love,9/30/23 21:20
Chance the Rapper,Coloring Book,Same Drugs,9/30/23 21:15
The Kid LAROI & Justin Bieber,STAY - Single,STAY,9/30/23 20:47
Incubus,Morning View,Nice to Know You,9/30/23 20:37
Luis Fonsi & Daddy Yankee,Vida,Despacito (feat. Justin Bieber) [Remix],9/30/23 20:33
Panic! at the Disco,Death of a Bachelor,Hallelujah,9/30/23 20:30
Otis Redding,The Immortal Otis Redding,Hard to Handle,9/30/23 20:26
Nick Jonas,Last Year Was Complicated,Close (feat. Tove Lo),9/30/23 20:23
100 gecs,10000 gecs,Doritos & Fritos,9/30/23 20:16
Queen,Greatest Hits II,A Kind of Magic,9/30/23 20:07
Bernadette Peters Chip Zien Kim Crosby Danielle Ferland & Ben Wright,Into The Woods (Original Broadway Cast Recording),Your Fault / Last Midnight,9/30/23 20:02
Ozomatli,Paste Magazine Sampler 30,Can't Stop,9/30/23 19:59
Charli XCX,Boys - Single,Boys,9/30/23 19:54
Elton John & Dua Lipa,Cold Heart (PNAU Remix) - Single,Cold Heart (PNAU Remix),9/30/23 19:50
Blue Scholars,OOF! EP,New People,9/30/23 19:47
AJR,OK ORCHESTRA,Bang!,9/30/23 19:44
Fleetwood Mac,The Dance,Say You Love Me (Live),9/30/23 19:32
Bone Thugs-N-Harmony,Strength & Loyalty,Wind Blow,9/30/23 19:28
Lizzo,Cuz I Love You (Super Deluxe),Good as Hell,9/30/23 19:25
Girl Talk,Feed the Animals,Shut the Club Down,9/30/23 19:16
The Chemical Brothers,For That Beautiful Feeling,Feels Like I Am Dreaming,9/30/23 5:57
The Chemical Brothers,For That Beautiful Feeling,Feels Like I Am Dreaming,9/30/23 5:57
The Chemical Brothers,For That Beautiful Feeling,Live Again (feat. Halo Maud),9/30/23 5:43
The Chemical Brothers,For That Beautiful Feeling,Live Again (feat. Halo Maud),9/30/23 5:43
The Chemical Brothers,For That Beautiful Feeling,Intro,9/30/23 5:42
The Chemical Brothers,For That Beautiful Feeling,Intro,9/30/23 5:42
The Chemical Brothers,For That Beautiful Feeling,For That BeautIful Feeling (fEAt. Halo Maud),9/30/23 5:38
The Chemical Brothers,For That Beautiful Feeling,For That BeautIful Feeling (fEAt. Halo Maud),9/30/23 5:38
The Chemical Brothers,For That Beautiful Feeling,Skipping Like A Stone (feat. Beck),9/30/23 5:33
The Chemical Brothers,For That Beautiful Feeling,No Reason,9/30/23 5:28
The Chemical Brothers,Dig Your Own Hole,Block Rockin' Beats,9/30/23 5:04
LCD Soundsystem,Sound of Silver,All My Friends,9/30/23 4:55
Sufjan Stevens,Javelin,So You Are Tired,9/30/23 1:31
Talking Heads,Stop Making Sense (Deluxe Edition) [Live],Slippery People (Live) - 2023 Remaster,9/29/23 0:55
Talking Heads,Stop Making Sense (Deluxe Edition) [Live],Slippery People (Live) - 2023 Remaster,9/29/23 0:51
Talking Heads,Stop Making Sense (Deluxe Edition) [Live],Found a Job (Live) - 2023 Remaster,9/29/23 0:51
Talking Heads,Stop Making Sense (Deluxe Edition) [Live],Thank You for Sending Me an Angel (Live) - 2023 Remaster,9/29/23 0:48
Talking Heads,Stop Making Sense (Deluxe Edition) [Live],Found a Job (Live) - 2023 Remaster,9/29/23 0:48
Talking Heads,Stop Making Sense (Deluxe Edition) [Live],Heaven (Live) - 2023 Remaster,9/29/23 0:45
Talking Heads,Stop Making Sense (Deluxe Edition) [Live],Thank You for Sending Me an Angel (Live) - 2023 Remaster,9/29/23 0:45
Talking Heads,Stop Making Sense (Deluxe Edition) [Live],Psycho Killer (Live) - 2023 Remaster,9/29/23 0:42
Talking Heads,Stop Making Sense (Deluxe Edition) [Live],Heaven (Live) - 2023 Remaster,9/29/23 0:42
Talking Heads,Stop Making Sense (Deluxe Edition) [Live],Psycho Killer (Live) - 2023 Remaster,9/29/23 0:37
Talking Heads,Stop Making Sense (Deluxe Edition) [Live],Crosseyed and Painless (Live) - 2023 Remaster,9/29/23 0:37
Talking Heads,Stop Making Sense (Deluxe Edition) [Live],Crosseyed and Painless (Live) - 2023 Remaster,9/29/23 0:31
Talking Heads,Stop Making Sense (Deluxe Edition) [Live],Take Me to the River (Live) - 2023 Remaster,9/29/23 0:31
Talking Heads,Stop Making Sense (Deluxe Edition) [Live],Girlfriend is Better (Live) - 2023 Remaster,9/29/23 0:26
Talking Heads,Stop Making Sense (Deluxe Edition) [Live],Take Me to the River (Live) - 2023 Remaster,9/29/23 0:26
Talking Heads,Stop Making Sense (Deluxe Edition) [Live],Genius of Love (Live) - 2023 Remaster,9/29/23 0:21
Talking Heads,Stop Making Sense (Deluxe Edition) [Live],Girlfriend is Better (Live) - 2023 Remaster,9/29/23 0:21
Talking Heads,Stop Making Sense (Deluxe Edition) [Live],Genius of Love (Live) - 2023 Remaster,9/29/23 0:20
Talking Heads,Stop Making Sense (Deluxe Edition) [Live],Big Business / I Zimbra (Live) - 2023 Remaster,9/29/23 0:16
Talking Heads,Stop Making Sense (Deluxe Edition) [Live],Genius of Love (Live) - 2023 Remaster,9/29/23 0:16
Talking Heads,Stop Making Sense (Deluxe Edition) [Live],Once In a Lifetime (Live) - 2023 Remaster,9/29/23 0:08
Talking Heads,Stop Making Sense (Deluxe Edition) [Live],Big Business / I Zimbra (Live) - 2023 Remaster,9/29/23 0:08
Talking Heads,Stop Making Sense (Deluxe Edition) [Live],This Must Be the Place (Naïve Melody) [Live] - 2023 Remaster,9/29/23 0:03
Talking Heads,Stop Making Sense (Deluxe Edition) [Live],Once In a Lifetime (Live) - 2023 Remaster,9/29/23 0:03
Talking Heads,Stop Making Sense (Deluxe Edition) [Live],This Must Be the Place (Naïve Melody) [Live] - 2023 Remaster,9/28/23 23:58
Talking Heads,Stop Making Sense (Deluxe Edition) [Live],What a Day That Was (Live) - 2023 Remaster,9/28/23 23:58
Talking Heads,Stop Making Sense (Deluxe Edition) [Live],What a Day That Was (Live) - 2023 Remaster,9/28/23 23:52
Talking Heads,Stop Making Sense (Deluxe Edition) [Live],Swamp (Live) - 2023 Remaster,9/28/23 23:52
Talking Heads,Stop Making Sense (Deluxe Edition) [Live],Making Flippy Floppy (Live) - 2023 Remaster,9/28/23 23:47
Talking Heads,Stop Making Sense (Deluxe Edition) [Live],Swamp (Live) - 2023 Remaster,9/28/23 23:47
Talking Heads,Stop Making Sense (Deluxe Edition) [Live],Life During Wartime (Live) - 2023 Remaster,9/28/23 23:43
Talking Heads,Stop Making Sense (Deluxe Edition) [Live],Making Flippy Floppy (Live) - 2023 Remaster,9/28/23 23:43
Talking Heads,Stop Making Sense (Deluxe Edition) [Live],Burning Down the House (Live) - 2023 Remaster,9/28/23 23:37
Talking Heads,Stop Making Sense (Deluxe Edition) [Live],Life During Wartime (Live) - 2023 Remaster,9/28/23 23:37
Talking Heads,Stop Making Sense (Deluxe Edition) [Live],Cities (Live) - 2023 Remaster,9/28/23 23:33
Talking Heads,Stop Making Sense (Deluxe Edition) [Live],Burning Down the House (Live) - 2023 Remaster,9/28/23 23:33
Talking Heads,Stop Making Sense (Deluxe Edition) [Live],Cities (Live) - 2023 Remaster,9/28/23 23:29
Talking Heads,Stop Making Sense (Deluxe Edition) [Live],Slippery People (Live) - 2023 Remaster,9/28/23 23:29
Talking Heads,Stop Making Sense (Deluxe Edition) [Live],Found a Job (Live) - 2023 Remaster,9/28/23 23:25
Talking Heads,Stop Making Sense (Deluxe Edition) [Live],Slippery People (Live) - 2023 Remaster,9/28/23 23:25
Talking Heads,Stop Making Sense (Deluxe Edition) [Live],Thank You for Sending Me an Angel (Live) - 2023 Remaster,9/28/23 23:22
Talking Heads,Stop Making Sense (Deluxe Edition) [Live],Found a Job (Live) - 2023 Remaster,9/28/23 23:22
Talking Heads,Stop Making Sense (Deluxe Edition) [Live],Thank You for Sending Me an Angel (Live) - 2023 Remaster,9/28/23 23:18
Talking Heads,Stop Making Sense (Deluxe Edition) [Live],Heaven (Live) - 2023 Remaster,9/28/23 23:17
Talking Heads,Stop Making Sense (Deluxe Edition) [Live],Thank You for Sending Me an Angel (Live) - 2023 Remaster,9/28/23 23:17
Talking Heads,Stop Making Sense (Deluxe Edition) [Live],Psycho Killer (Live) - 2023 Remaster,9/28/23 23:13
Talking Heads,Stop Making Sense (Deluxe Edition) [Live],Heaven (Live) - 2023 Remaster,9/28/23 23:13
Talking Heads,Stop Making Sense (Deluxe Edition) [Live],Psycho Killer (Live) - 2023 Remaster,9/28/23 23:09
Thursday,Full Collapse,A0001,9/28/23 23:09
Thursday,Full Collapse,I1100,9/28/23 23:08
Thursday,Full Collapse,A0001,9/28/23 23:08
Thursday,Full Collapse,I1100,9/28/23 23:07
Thursday,Full Collapse,How Long Is The Night?,9/28/23 23:07
Thursday,Full Collapse,How Long Is The Night?,9/28/23 23:01
Thursday,Full Collapse,Wind Up,9/28/23 23:01
Thursday,Full Collapse,Standing On The Edge Of Summer,9/28/23 22:56
Thursday,Full Collapse,Wind Up,9/28/23 22:56
Thursday,Full Collapse,Standing On The Edge Of Summer,9/28/23 22:52
Thursday,Full Collapse,I Am The Killer,9/28/23 22:52
Thursday,Full Collapse,I Am The Killer,9/28/23 22:48
Thursday,Full Collapse,Paris In Flames,9/28/23 22:48
Thursday,Full Collapse,Cross Out The Eyes,9/28/23 19:53
Thursday,Full Collapse,Paris In Flames,9/28/23 19:53
Thursday,Full Collapse,Cross Out The Eyes,9/28/23 19:49
Thursday,Full Collapse,A Hole In The World,9/28/23 19:49
Thursday,Full Collapse,A Hole In The World,9/28/23 19:46
Thursday,Full Collapse,Autobiography Of A Nation,9/28/23 19:46
Thursday,Full Collapse,Autobiography Of A Nation,9/28/23 19:42
Thursday,Full Collapse,Concealer,9/28/23 19:42
Thursday,Full Collapse,Understanding In A Car Crash,9/28/23 18:01
Thursday,Full Collapse,Concealer,9/28/23 18:01
Thursday,Full Collapse,Understanding In A Car Crash,9/28/23 17:59
Thursday,Full Collapse,Understanding In A Car Crash,9/28/23 17:56
Thursday,Full Collapse,A0001,9/28/23 17:56
Thursday,Full Collapse,A0001,9/28/23 17:55
PVRIS,White Noise,Ghosts,9/28/23 14:31
PVRIS,Animal / Anywhere But Here - Single,ANIMAL,9/28/23 14:28
Fleetwood Mac,The Dance,The Chain (live),9/28/23 1:59
Avril Lavigne,Let Go,Things I'll Never Say,9/28/23 1:40
Dua Lipa,Future Nostalgia,Levitating,9/28/23 1:36
Pom Pom Squad,Death Of A Cheerleader,Head Cheerleader,9/28/23 1:29
Girl Talk,Feed the Animals,What It's All About,9/28/23 1:15
Oasis,Be Here Now,It's Gettin' Better (Man!!),9/28/23 1:08
The Beatles,Rubber Soul,I'm Looking Through You,9/28/23 1:05
Pom Pom Squad,Popular (feat. Nada Surf & Matthew Caws) - Single,Popular (feat. Nada Surf & Matthew Caws),9/28/23 0:57
Original Broadway Cast of Into the Woods Ensemble & Tom Aldredge,Into The Woods (Original Broadway Cast Recording),Prologue: Into the Woods,9/28/23 0:44
Panic! at the Disco,A Fever You Can't Sweat Out,The Only Difference Between Martyrdom and Suicide Is Press Coverage,9/28/23 0:41
Ben Platt & Original Broadway Cast of Dear Evan Hansen,Dear Evan Hansen (Original Broadway Cast Recording),Waving Through a Window,9/28/23 0:37
Young Money,We Are Young Money,Bedrock (feat. Lloyd),9/28/23 0:32
Theophilus London,Lovers Holiday - EP,Why Even Try (feat. Sara Quin),9/28/23 0:28
Jake Wesley Rogers,LOVE - EP,Hindsight,9/28/23 0:25
Panic! at the Disco,Pray for the Wicked,(F**k a) Silver Lining,9/28/23 0:22
Queen,Live At Wembley Stadium,Hammer To Fall - Live at Wembley '86,9/27/23 22:31
Queen,Live At Wembley Stadium,Bohemian Rhapsody - Live at Wembley '86,9/27/23 22:31
Queen,Live At Wembley Stadium,Bohemian Rhapsody - Live at Wembley '86,9/27/23 22:00
Queen,Live At Wembley Stadium,Hello Mary Lou (Goodbye Heart) - Live at Wembley '86,9/27/23 22:00
Queen,Live At Wembley Stadium,Hello Mary Lou (Goodbye Heart) - Live at Wembley '86,9/27/23 21:58
Queen,Live At Wembley Stadium,(You're So Square) Baby I Don't Care - Live at Wembley '86,9/27/23 21:58
Queen,Live At Wembley Stadium,Is This The World We Created - Live at Wembley '86,9/27/23 21:56
Queen,Live At Wembley Stadium,(You're So Square) Baby I Don't Care - Live at Wembley '86,9/27/23 21:56
Queen,Live At Wembley Stadium,Love Of My Life - Live at Wembley,9/27/23 21:53
Queen,Live At Wembley Stadium,Is This The World We Created - Live at Wembley '86,9/27/23 21:53
Queen,Live At Wembley Stadium,Now I'm Here - Live at Wembley '86,9/27/23 21:47
The Breeders,Last Splash,Roi,9/27/23 21:41
Queen,Live At Wembley Stadium,Brighton Rock Solo - Live at Wembley '86,9/27/23 21:39
Queen,Live At Wembley Stadium,Now I'm Here - Live at Wembley '86,9/27/23 21:39
Queen,Live At Wembley Stadium,Impromptu - Live at Wembley '86,9/27/23 21:30
Queen,Live At Wembley Stadium,Brighton Rock Solo - Live at Wembley '86,9/27/23 21:30
Queen,Live At Wembley Stadium,I Want To Break Free - Live at Wembley '86,9/27/23 21:27
Queen,Live At Wembley Stadium,Impromptu - Live at Wembley '86,9/27/23 21:27
Queen,Live At Wembley Stadium,I Want To Break Free - Live at Wembley '86,9/27/23 21:23
The Breeders,Last Splash,No Aloha,9/27/23 6:56
The Breeders,Last Splash,Invisible Man,9/27/23 6:53
The Breeders,Last Splash,Cannonball,9/27/23 6:50
The Breeders,Last Splash,New Year,9/27/23 6:48
Radiohead,Hail to the Thief,A Wolf at the Door,9/27/23 6:43
Radiohead,Hail to the Thief,Scatterbrain,9/27/23 6:40
Radiohead,Hail to the Thief,Myxomatosis,9/27/23 6:36
Radiohead,Hail to the Thief,A Punch Up At A Wedding,9/27/23 6:31
Radiohead,Hail to the Thief,I Will,9/27/23 6:29
Radiohead,Hail to the Thief,There There,9/27/23 6:23
Radiohead,Hail to the Thief,The Gloaming,9/27/23 6:20
Radiohead,Hail to the Thief,We Suck Young Blood,9/27/23 6:15
Radiohead,Hail to the Thief,Where I End and You Begin,9/27/23 6:10
Radiohead,Hail to the Thief,Go to Sleep,9/27/23 6:02
Radiohead,Hail to the Thief,Backdrifts,9/27/23 5:57
Radiohead,Hail to the Thief,Sail to the Moon,9/27/23 5:52
Death Grips,The Powers That B,Have a Sad Cum BB,
Radiohead,Hail to the Thief,Sit Down. Stand Up,9/27/23 5:48
Radiohead,Hail to the Thief,2 + 2 = 5,9/27/23 5:45
Radiohead,In Rainbows,Videotape,9/27/23 5:38
Radiohead,In Rainbows,Jigsaw Falling Into Place,9/27/23 5:34
Radiohead,In Rainbows,House of Cards,9/27/23 5:29
Radiohead,In Rainbows,Reckoner,9/27/23 5:24
Radiohead,In Rainbows,Faust Arp,9/27/23 5:22
Radiohead,In Rainbows,All I Need,9/27/23 5:18
Radiohead,In Rainbows,Weird Fishes/ Arpeggi,9/27/23 5:13
Radiohead,In Rainbows,Nude,9/27/23 5:08
Radiohead,In Rainbows,Bodysnatchers,9/27/23 5:04
Radiohead,In Rainbows,15 Step,9/27/23 5:04
Sufjan Stevens,Will Anybody Ever Love Me?,So You Are Tired,9/27/23 4:59
Sufjan Stevens,Will Anybody Ever Love Me?,Will Anybody Ever Love Me?,9/27/23 4:54
Sufjan Stevens,Will Anybody Ever Love Me?,So You Are Tired,9/27/23 4:50
Sufjan Stevens,Will Anybody Ever Love Me?,Will Anybody Ever Love Me?,9/27/23 4:45
Queen,Live At Wembley Stadium,Another One Bites The Dust - Live at Wembley '86,9/27/23 1:45
Queen,Live At Wembley Stadium,Under Pressure - Live at Wembley '86,9/27/23 1:41
Queen,Live At Wembley Stadium,One Vision - Live at Wembley '86,9/27/23 1:02
Queen,Queen II,Ogre Battle - Remastered 2011,9/26/23 15:57
Queen,Queen II,The Loser In The End - Remastered 2011,9/26/23 15:55
Queen,Queen II,Some Day One Day - Remastered 2011,9/26/23 15:51
Queen,Queen II,White Queen (As It Began) - Remastered 2011,9/26/23 15:46
Queen,Queen II,Father To Son - Remastered 2011,9/26/23 15:42
Queen,Queen II,Procession - Remastered 2011,9/26/23 15:36
Queen,Queen (Deluxe Remastered Version),Seven Seas Of Rhye - Remastered 2011,9/26/23 15:32
Queen,Queen (Deluxe Remastered Version),Jesus - Remastered 2011,9/26/23 15:31
Queen,Queen (Deluxe Remastered Version),Son And Daughter - Remastered 2011,9/26/23 15:27
Queen,Queen (Deluxe Remastered Version),Modern Times Rock 'N Roll - Remastered 2011,9/26/23 15:24
Queen,Queen (Deluxe Remastered Version),The Night Comes Down - Remastered 2011,9/26/23 15:22
Queen,Queen (Deluxe Remastered Version),Liar - Remastered 2011,9/26/23 15:18
Queen,Queen (Deluxe Remastered Version),My Fairy King - Remastered 2011,9/26/23 15:11
Queen,Queen (Deluxe Remastered Version),Great King Rat - Remastered 2011,9/26/23 15:06
Queen,Queen (Deluxe Remastered Version),Doing Alright - Remastered 2011,9/26/23 15:01
Queen,Queen (Deluxe Remastered Version),Keep Yourself Alive - 2011 Mix,9/26/23 14:56
Queen,A Night At The Opera (Deluxe Remastered Version),I'm In Love With My Car - Remastered 2011,9/26/23 6:54
My Chemical Romance,Three Cheers for Sweet Revenge,I Never Told You What I Do for a Living,9/26/23 6:53
Vitamin String Quartet,Beaucoup de VSQ,Digital Love,9/24/23 21:56
The Thermals,The Body The Blood The Machine,Test Pattern,9/24/23 21:55
Queen,A Day At The Races (Deluxe Remastered Version),Somebody To Love - Remastered 2011,9/24/23 14:35
The Clash,London Calling (Remastered),Train in Vain (Stand by Me) - Remastered,9/24/23 14:35
Death Cab for Cutie,Transatlanticism (10th Anniversary Edition),Title and Registration,9/24/23 14:32
Momma,Two of Me,Biohazard,9/23/23 8:26
Slow Pulp,In Too Deep,In Too Deep,9/23/23 8:23
Pom Pom Squad,Popular (feat. Matthew Caws of Nada Surf),Popular (feat. Matthew Caws of Nada Surf),9/23/23 8:20
Pom Pom Squad,Death Of A Cheerleader,Be Good,9/23/23 8:16
Pom Pom Squad,Death Of A Cheerleader,This Couldn't Happen,9/23/23 8:13
Pom Pom Squad,Death Of A Cheerleader,Drunk Voicemail,9/23/23 8:12
Pom Pom Squad,Death Of A Cheerleader,Shame Reactions,9/23/23 8:08
Pom Pom Squad,Death Of A Cheerleader,Forever,9/23/23 8:07
Pom Pom Squad,Death Of A Cheerleader,Red with Love,9/23/23 8:03
Pom Pom Squad,Death Of A Cheerleader,Crimson + Clover,9/23/23 8:01
Pom Pom Squad,Death Of A Cheerleader,Lux,9/23/23 7:59
Pom Pom Squad,Death Of A Cheerleader,Cake,9/23/23 7:57
Pom Pom Squad,Death Of A Cheerleader,Second That,9/23/23 7:55
Pom Pom Squad,Death Of A Cheerleader,Crying,9/23/23 7:53
Pom Pom Squad,Death Of A Cheerleader,Head Cheerleader,9/23/23 7:50
Pom Pom Squad,Death Of A Cheerleader,Soundcheck,9/23/23 7:47
Pom Pom Squad,Popular (feat. Matthew Caws of Nada Surf),Popular (feat. Matthew Caws of Nada Surf),9/23/23 7:45